lang,method,dim,time
Julia,pivotGauss,100,0.000628683
Julia,pivotGauss,100,0.00062262
Julia,pivotGauss,100,0.000609472
Julia,pivotGauss,100,0.000605803
Julia,pivotGauss,100,0.000603691
Julia,pivotSimple,100,0.000150135
Julia,pivotSimple,100,0.000155975
Julia,pivotSimple,100,0.000120737
Julia,pivotSimple,100,0.000120786
Julia,pivotSimple,100,0.00013201
Julia,pivotHybrid,100,0.00024363
Julia,pivotHybrid,100,0.000248522
Julia,pivotHybrid,100,0.00024301
Julia,pivotHybrid,100,0.000253574
Julia,pivotHybrid,100,0.00032062
Julia,pivotSimpleInbounds,100,0.00015867
Julia,pivotSimpleInbounds,100,0.000141592
Julia,pivotSimpleInbounds,100,0.000141058
Julia,pivotSimpleInbounds,100,0.000143795
Julia,pivotSimpleInbounds,100,0.000173065
Julia,pivotSimpleParallel,100,0.000243147
Julia,pivotSimpleParallel,100,0.000104142
Julia,pivotSimpleParallel,100,0.000141819
Julia,pivotSimpleParallel,100,9.7385e-5
Julia,pivotSimpleParallel,100,7.0325e-5
Julia,pivotSimpleView,100,3.9662e-5
Julia,pivotSimpleView,100,4.1715e-5
Julia,pivotSimpleView,100,3.9984e-5
Julia,pivotSimpleView,100,3.9465e-5
Julia,pivotSimpleView,100,4.3551e-5
Julia,pivotSimpleView!,100,1.3216e-5
Julia,pivotSimpleView!,100,1.5279e-5
Julia,pivotSimpleView!,100,1.8881e-5
Julia,pivotSimpleView!,100,1.5254e-5
Julia,pivotSimpleView!,100,1.8553e-5
Julia,pivotGaussNew,100,0.000362838
Julia,pivotGaussNew,100,0.000336465
Julia,pivotGaussNew,100,0.00033476
Julia,pivotGaussNew,100,0.000314446
Julia,pivotGaussNew,100,0.000311992
Julia,pivotGaussplainfor,100,7.9493e-5
Julia,pivotGaussplainfor,100,6.2951e-5
Julia,pivotGaussplainfor,100,9.4363e-5
Julia,pivotGaussplainfor,100,6.1596e-5
Julia,pivotGaussplainfor,100,6.3995e-5
Julia,pivotGauss,200,0.001977313
Julia,pivotGauss,200,0.00296458
Julia,pivotGauss,200,0.001722938
Julia,pivotGauss,200,0.001299858
Julia,pivotGauss,200,0.002181234
Julia,pivotSimple,200,0.00041219
Julia,pivotSimple,200,0.000404511
Julia,pivotSimple,200,0.000342872
Julia,pivotSimple,200,0.00040008
Julia,pivotSimple,200,0.00033592
Julia,pivotHybrid,200,0.000913477
Julia,pivotHybrid,200,0.024159321
Julia,pivotHybrid,200,0.0007975
Julia,pivotHybrid,200,0.002211998
Julia,pivotHybrid,200,0.001265261
Julia,pivotSimpleInbounds,200,0.00025977
Julia,pivotSimpleInbounds,200,0.00025086
Julia,pivotSimpleInbounds,200,0.000261925
Julia,pivotSimpleInbounds,200,0.000252394
Julia,pivotSimpleInbounds,200,0.000258237
Julia,pivotSimpleParallel,200,0.000232154
Julia,pivotSimpleParallel,200,0.000207889
Julia,pivotSimpleParallel,200,0.000200407
Julia,pivotSimpleParallel,200,0.000216634
Julia,pivotSimpleParallel,200,0.000197087
Julia,pivotSimpleView,200,0.000260722
Julia,pivotSimpleView,200,0.000288941
Julia,pivotSimpleView,200,0.000259557
Julia,pivotSimpleView,200,0.000205786
Julia,pivotSimpleView,200,0.000151709
Julia,pivotSimpleView!,200,7.9217e-5
Julia,pivotSimpleView!,200,5.7502e-5
Julia,pivotSimpleView!,200,5.079e-5
Julia,pivotSimpleView!,200,4.9393e-5
Julia,pivotSimpleView!,200,4.992e-5
Julia,pivotGaussNew,200,0.00163556
Julia,pivotGaussNew,200,0.001696903
Julia,pivotGaussNew,200,0.001824152
Julia,pivotGaussNew,200,0.002239297
Julia,pivotGaussNew,200,0.002469983
Julia,pivotGaussplainfor,200,0.000228598
Julia,pivotGaussplainfor,200,0.000228231
Julia,pivotGaussplainfor,200,0.000244133
Julia,pivotGaussplainfor,200,0.000236327
Julia,pivotGaussplainfor,200,0.000267973
Julia,pivotGauss,300,0.003489126
Julia,pivotGauss,300,0.004317661
Julia,pivotGauss,300,0.00605068
Julia,pivotGauss,300,0.00489068
Julia,pivotGauss,300,0.004567455
Julia,pivotSimple,300,0.000972594
Julia,pivotSimple,300,0.000720071
Julia,pivotSimple,300,0.000712608
Julia,pivotSimple,300,0.000830554
Julia,pivotSimple,300,0.001171757
Julia,pivotHybrid,300,0.001912482
Julia,pivotHybrid,300,0.002871985
Julia,pivotHybrid,300,0.003032683
Julia,pivotHybrid,300,0.009888861
Julia,pivotHybrid,300,0.001735967
Julia,pivotSimpleInbounds,300,0.000818073
Julia,pivotSimpleInbounds,300,0.001395015
Julia,pivotSimpleInbounds,300,0.001266252
Julia,pivotSimpleInbounds,300,0.000981522
Julia,pivotSimpleInbounds,300,0.000752508
Julia,pivotSimpleParallel,300,0.000783781
Julia,pivotSimpleParallel,300,0.000999551
Julia,pivotSimpleParallel,300,0.001091281
Julia,pivotSimpleParallel,300,0.001042199
Julia,pivotSimpleParallel,300,0.000444821
Julia,pivotSimpleView,300,0.00052777
Julia,pivotSimpleView,300,0.000664017
Julia,pivotSimpleView,300,0.000529571
Julia,pivotSimpleView,300,0.000525524
Julia,pivotSimpleView,300,0.000695241
Julia,pivotSimpleView!,300,0.000726429
Julia,pivotSimpleView!,300,0.000298776
Julia,pivotSimpleView!,300,0.000307335
Julia,pivotSimpleView!,300,0.000499684
Julia,pivotSimpleView!,300,0.000410622
Julia,pivotGaussNew,300,0.004203275
Julia,pivotGaussNew,300,0.00503198
Julia,pivotGaussNew,300,0.006333235
Julia,pivotGaussNew,300,0.003496415
Julia,pivotGaussNew,300,0.003100318
Julia,pivotGaussplainfor,300,0.000521243
Julia,pivotGaussplainfor,300,0.000523715
Julia,pivotGaussplainfor,300,0.000603435
Julia,pivotGaussplainfor,300,0.000727078
Julia,pivotGaussplainfor,300,0.000627685
Julia,pivotGauss,400,0.010305616
Julia,pivotGauss,400,0.015759264
Julia,pivotGauss,400,0.010692631
Julia,pivotGauss,400,0.008697854
Julia,pivotGauss,400,0.010771801
Julia,pivotSimple,400,0.001354477
Julia,pivotSimple,400,0.00150807
Julia,pivotSimple,400,0.00144039
Julia,pivotSimple,400,0.002835878
Julia,pivotSimple,400,0.002027936
Julia,pivotHybrid,400,0.00502163
Julia,pivotHybrid,400,0.01115365
Julia,pivotHybrid,400,0.00360291
Julia,pivotHybrid,400,0.003085632
Julia,pivotHybrid,400,0.004045247
Julia,pivotSimpleInbounds,400,0.001485958
Julia,pivotSimpleInbounds,400,0.001964689
Julia,pivotSimpleInbounds,400,0.001405471
Julia,pivotSimpleInbounds,400,0.001898287
Julia,pivotSimpleInbounds,400,0.002345281
Julia,pivotSimpleParallel,400,0.001462875
Julia,pivotSimpleParallel,400,0.002179753
Julia,pivotSimpleParallel,400,0.001096563
Julia,pivotSimpleParallel,400,0.001316708
Julia,pivotSimpleParallel,400,0.001150001
Julia,pivotSimpleView,400,0.00121929
Julia,pivotSimpleView,400,0.001486646
Julia,pivotSimpleView,400,0.001905781
Julia,pivotSimpleView,400,0.000996522
Julia,pivotSimpleView,400,0.001094524
Julia,pivotSimpleView!,400,0.000612793
Julia,pivotSimpleView!,400,0.000572969
Julia,pivotSimpleView!,400,0.000517278
Julia,pivotSimpleView!,400,0.000548694
Julia,pivotSimpleView!,400,0.00051774
Julia,pivotGaussNew,400,0.005084738
Julia,pivotGaussNew,400,0.006088078
Julia,pivotGaussNew,400,0.005553774
Julia,pivotGaussNew,400,0.005657801
Julia,pivotGaussNew,400,0.008588376
Julia,pivotGaussplainfor,400,0.001189527
Julia,pivotGaussplainfor,400,0.001306932
Julia,pivotGaussplainfor,400,0.000948948
Julia,pivotGaussplainfor,400,0.000931639
Julia,pivotGaussplainfor,400,0.00092451
Julia,pivotGauss,500,0.01406635
Julia,pivotGauss,500,0.017420783
Julia,pivotGauss,500,0.024308853
Julia,pivotGauss,500,0.014902239
Julia,pivotGauss,500,0.022238451
Julia,pivotSimple,500,0.003766646
Julia,pivotSimple,500,0.0028726
Julia,pivotSimple,500,0.003120768
Julia,pivotSimple,500,0.0103577
Julia,pivotSimple,500,0.002047995
Julia,pivotHybrid,500,0.004883595
Julia,pivotHybrid,500,0.007389832
Julia,pivotHybrid,500,0.006529846
Julia,pivotHybrid,500,0.005626315
Julia,pivotHybrid,500,0.00909494
Julia,pivotSimpleInbounds,500,0.002259952
Julia,pivotSimpleInbounds,500,0.009330328
Julia,pivotSimpleInbounds,500,0.002245987
Julia,pivotSimpleInbounds,500,0.002489841
Julia,pivotSimpleInbounds,500,0.0025136
Julia,pivotSimpleParallel,500,0.003036465
Julia,pivotSimpleParallel,500,0.001954728
Julia,pivotSimpleParallel,500,0.001500034
Julia,pivotSimpleParallel,500,0.001883714
Julia,pivotSimpleParallel,500,0.00194622
Julia,pivotSimpleView,500,0.00154341
Julia,pivotSimpleView,500,0.003447483
Julia,pivotSimpleView,500,0.002339503
Julia,pivotSimpleView,500,0.002601485
Julia,pivotSimpleView,500,0.001689492
Julia,pivotSimpleView!,500,0.000804551
Julia,pivotSimpleView!,500,0.001028559
Julia,pivotSimpleView!,500,0.000953673
Julia,pivotSimpleView!,500,0.000945945
Julia,pivotSimpleView!,500,0.001727982
Julia,pivotGaussNew,500,0.028095465
Julia,pivotGaussNew,500,0.011893031
Julia,pivotGaussNew,500,0.013998888
Julia,pivotGaussNew,500,0.015402855
Julia,pivotGaussNew,500,0.013156955
Julia,pivotGaussplainfor,500,0.001875859
Julia,pivotGaussplainfor,500,0.002639559
Julia,pivotGaussplainfor,500,0.001511348
Julia,pivotGaussplainfor,500,0.001613836
Julia,pivotGaussplainfor,500,0.002902577
Julia,pivotGauss,600,0.03157138
Julia,pivotGauss,600,0.023252516
Julia,pivotGauss,600,0.027604521
Julia,pivotGauss,600,0.025127028
Julia,pivotGauss,600,0.02759963
Julia,pivotSimple,600,0.006867201
Julia,pivotSimple,600,0.003733521
Julia,pivotSimple,600,0.0055531
Julia,pivotSimple,600,0.012146647
Julia,pivotSimple,600,0.003626065
Julia,pivotHybrid,600,0.012075625
Julia,pivotHybrid,600,0.009503212
Julia,pivotHybrid,600,0.012613609
Julia,pivotHybrid,600,0.01429647
Julia,pivotHybrid,600,0.011463316
Julia,pivotSimpleInbounds,600,0.010333528
Julia,pivotSimpleInbounds,600,0.003708583
Julia,pivotSimpleInbounds,600,0.004242089
Julia,pivotSimpleInbounds,600,0.006054714
Julia,pivotSimpleInbounds,600,0.003664881
Julia,pivotSimpleParallel,600,0.002329398
Julia,pivotSimpleParallel,600,0.003096639
Julia,pivotSimpleParallel,600,0.002146852
Julia,pivotSimpleParallel,600,0.00175709
Julia,pivotSimpleParallel,600,0.001743982
Julia,pivotSimpleView,600,0.003151739
Julia,pivotSimpleView,600,0.003401882
Julia,pivotSimpleView,600,0.003408942
Julia,pivotSimpleView,600,0.003580961
Julia,pivotSimpleView,600,0.002768623
Julia,pivotSimpleView!,600,0.002265684
Julia,pivotSimpleView!,600,0.001443228
Julia,pivotSimpleView!,600,0.001394785
Julia,pivotSimpleView!,600,0.001465958
Julia,pivotSimpleView!,600,0.001544065
Julia,pivotGaussNew,600,0.022752472
Julia,pivotGaussNew,600,0.034792293
Julia,pivotGaussNew,600,0.020165287
Julia,pivotGaussNew,600,0.020259946
Julia,pivotGaussNew,600,0.021032402
Julia,pivotGaussplainfor,600,0.001541954
Julia,pivotGaussplainfor,600,0.001410378
Julia,pivotGaussplainfor,600,0.003314937
Julia,pivotGaussplainfor,600,0.006118933
Julia,pivotGaussplainfor,600,0.001466121
Julia,pivotGauss,700,0.036406326
Julia,pivotGauss,700,0.035855577
Julia,pivotGauss,700,0.039431156
Julia,pivotGauss,700,0.030363613
Julia,pivotGauss,700,0.033617877
Julia,pivotSimple,700,0.009228516
Julia,pivotSimple,700,0.008006659
Julia,pivotSimple,700,0.007759073
Julia,pivotSimple,700,0.004970249
Julia,pivotSimple,700,0.015600601
Julia,pivotHybrid,700,0.02294084
Julia,pivotHybrid,700,0.014982645
Julia,pivotHybrid,700,0.021128619
Julia,pivotHybrid,700,0.019558282
Julia,pivotHybrid,700,0.018071236
Julia,pivotSimpleInbounds,700,0.005910572
Julia,pivotSimpleInbounds,700,0.008201872
Julia,pivotSimpleInbounds,700,0.012709585
Julia,pivotSimpleInbounds,700,0.004568558
Julia,pivotSimpleInbounds,700,0.00574231
Julia,pivotSimpleParallel,700,0.002834435
Julia,pivotSimpleParallel,700,0.00462327
Julia,pivotSimpleParallel,700,0.006309796
Julia,pivotSimpleParallel,700,0.004567008
Julia,pivotSimpleParallel,700,0.009352953
Julia,pivotSimpleView,700,0.005015398
Julia,pivotSimpleView,700,0.003872079
Julia,pivotSimpleView,700,0.002909522
Julia,pivotSimpleView,700,0.003780969
Julia,pivotSimpleView,700,0.005422118
Julia,pivotSimpleView!,700,0.002793023
Julia,pivotSimpleView!,700,0.001867439
Julia,pivotSimpleView!,700,0.002929333
Julia,pivotSimpleView!,700,0.001957567
Julia,pivotSimpleView!,700,0.001867446
Julia,pivotGaussNew,700,0.035944135
Julia,pivotGaussNew,700,0.034214692
Julia,pivotGaussNew,700,0.040111233
Julia,pivotGaussNew,700,0.030508791
Julia,pivotGaussNew,700,0.030157909
Julia,pivotGaussplainfor,700,0.005649961
Julia,pivotGaussplainfor,700,0.001679095
Julia,pivotGaussplainfor,700,0.001422352
Julia,pivotGaussplainfor,700,0.001722085
Julia,pivotGaussplainfor,700,0.002017566
Julia,pivotGauss,800,0.048775824
Julia,pivotGauss,800,0.048685227
Julia,pivotGauss,800,0.043296182
Julia,pivotGauss,800,0.052069682
Julia,pivotGauss,800,0.040141859
Julia,pivotSimple,800,0.008485322
Julia,pivotSimple,800,0.01536804
Julia,pivotSimple,800,0.0067472
Julia,pivotSimple,800,0.007123524
Julia,pivotSimple,800,0.017957549
Julia,pivotHybrid,800,0.022840896
Julia,pivotHybrid,800,0.028563499
Julia,pivotHybrid,800,0.026199605
Julia,pivotHybrid,800,0.020399921
Julia,pivotHybrid,800,0.026843035
Julia,pivotSimpleInbounds,800,0.00753001
Julia,pivotSimpleInbounds,800,0.018792129
Julia,pivotSimpleInbounds,800,0.008553377
Julia,pivotSimpleInbounds,800,0.008026723
Julia,pivotSimpleInbounds,800,0.013990976
Julia,pivotSimpleParallel,800,0.005011549
Julia,pivotSimpleParallel,800,0.005889463
Julia,pivotSimpleParallel,800,0.007373754
Julia,pivotSimpleParallel,800,0.006545515
Julia,pivotSimpleParallel,800,0.010170336
Julia,pivotSimpleView,800,0.008549341
Julia,pivotSimpleView,800,0.030976591
Julia,pivotSimpleView,800,0.00410543
Julia,pivotSimpleView,800,0.004292578
Julia,pivotSimpleView,800,0.005809481
Julia,pivotSimpleView!,800,0.003771613
Julia,pivotSimpleView!,800,0.00418245
Julia,pivotSimpleView!,800,0.00270319
Julia,pivotSimpleView!,800,0.002807865
Julia,pivotSimpleView!,800,0.003351989
Julia,pivotGaussNew,800,0.038380463
Julia,pivotGaussNew,800,0.044108208
Julia,pivotGaussNew,800,0.040359595
Julia,pivotGaussNew,800,0.039169956
Julia,pivotGaussNew,800,0.043844316
Julia,pivotGaussplainfor,800,0.00185235
Julia,pivotGaussplainfor,800,0.002040676
Julia,pivotGaussplainfor,800,0.002359748
Julia,pivotGaussplainfor,800,0.001929443
Julia,pivotGaussplainfor,800,0.002162177
Julia,pivotGauss,900,0.069750338
Julia,pivotGauss,900,0.06587341
Julia,pivotGauss,900,0.065647703
Julia,pivotGauss,900,0.065547948
Julia,pivotGauss,900,0.060685086
Julia,pivotSimple,900,0.009054063
Julia,pivotSimple,900,0.015913886
Julia,pivotSimple,900,0.012390392
Julia,pivotSimple,900,0.021594523
Julia,pivotSimple,900,0.009397154
Julia,pivotHybrid,900,0.030105231
Julia,pivotHybrid,900,0.035472774
Julia,pivotHybrid,900,0.0311497
Julia,pivotHybrid,900,0.03074165
Julia,pivotHybrid,900,0.031741437
Julia,pivotSimpleInbounds,900,0.008514723
Julia,pivotSimpleInbounds,900,0.009483113
Julia,pivotSimpleInbounds,900,0.022649165
Julia,pivotSimpleInbounds,900,0.010289342
Julia,pivotSimpleInbounds,900,0.00911452
Julia,pivotSimpleParallel,900,0.014148663
Julia,pivotSimpleParallel,900,0.008353462
Julia,pivotSimpleParallel,900,0.007203236
Julia,pivotSimpleParallel,900,0.006678942
Julia,pivotSimpleParallel,900,0.012099735
Julia,pivotSimpleView,900,0.010563855
Julia,pivotSimpleView,900,0.008468449
Julia,pivotSimpleView,900,0.03895826
Julia,pivotSimpleView,900,0.006574013
Julia,pivotSimpleView,900,0.006240068
Julia,pivotSimpleView!,900,0.004287782
Julia,pivotSimpleView!,900,0.004511066
Julia,pivotSimpleView!,900,0.003139255
Julia,pivotSimpleView!,900,0.004671718
Julia,pivotSimpleView!,900,0.003137093
Julia,pivotGaussNew,900,0.05753198
Julia,pivotGaussNew,900,0.061287313
Julia,pivotGaussNew,900,0.056368521
Julia,pivotGaussNew,900,0.057480722
Julia,pivotGaussNew,900,0.060956523
Julia,pivotGaussplainfor,900,0.002330741
Julia,pivotGaussplainfor,900,0.002472841
Julia,pivotGaussplainfor,900,0.002493537
Julia,pivotGaussplainfor,900,0.002537902
Julia,pivotGaussplainfor,900,0.003399957
Julia,pivotGauss,1000,0.080415778
Julia,pivotGauss,1000,0.093160916
Julia,pivotGauss,1000,0.076148325
Julia,pivotGauss,1000,0.088857342
Julia,pivotGauss,1000,0.074666667
Julia,pivotSimple,1000,0.016214199
Julia,pivotSimple,1000,0.02159373
Julia,pivotSimple,1000,0.012434357
Julia,pivotSimple,1000,0.030004216
Julia,pivotSimple,1000,0.010159396
Julia,pivotHybrid,1000,0.046414207
Julia,pivotHybrid,1000,0.041335229
Julia,pivotHybrid,1000,0.04047126
Julia,pivotHybrid,1000,0.040348944
Julia,pivotHybrid,1000,0.045140221
Julia,pivotSimpleInbounds,1000,0.011406321
Julia,pivotSimpleInbounds,1000,0.025635506
Julia,pivotSimpleInbounds,1000,0.010537522
Julia,pivotSimpleInbounds,1000,0.012671045
Julia,pivotSimpleInbounds,1000,0.029811281
Julia,pivotSimpleParallel,1000,0.007974357
Julia,pivotSimpleParallel,1000,0.009645246
Julia,pivotSimpleParallel,1000,0.011928873
Julia,pivotSimpleParallel,1000,0.014174874
Julia,pivotSimpleParallel,1000,0.037834494
Julia,pivotSimpleView,1000,0.010293821
Julia,pivotSimpleView,1000,0.009594717
Julia,pivotSimpleView,1000,0.007891503
Julia,pivotSimpleView,1000,0.009700988
Julia,pivotSimpleView,1000,0.007424141
Julia,pivotSimpleView!,1000,0.004882401
Julia,pivotSimpleView!,1000,0.004755129
Julia,pivotSimpleView!,1000,0.00471618
Julia,pivotSimpleView!,1000,0.004411254
Julia,pivotSimpleView!,1000,0.005078923
Julia,pivotGaussNew,1000,0.073426974
Julia,pivotGaussNew,1000,0.078077462
Julia,pivotGaussNew,1000,0.075164271
Julia,pivotGaussNew,1000,0.073623726
Julia,pivotGaussNew,1000,0.108863674
Julia,pivotGaussplainfor,1000,0.003861525
Julia,pivotGaussplainfor,1000,0.0032483
Julia,pivotGaussplainfor,1000,0.003954479
Julia,pivotGaussplainfor,1000,0.004208485
Julia,pivotGaussplainfor,1000,0.006147623
Julia,pivotGauss,1100,0.107169275
Julia,pivotGauss,1100,0.113215607
Julia,pivotGauss,1100,0.095476503
Julia,pivotGauss,1100,0.10738394
Julia,pivotGauss,1100,0.095922595
Julia,pivotSimple,1100,0.024258602
Julia,pivotSimple,1100,0.014363795
Julia,pivotSimple,1100,0.037597009
Julia,pivotSimple,1100,0.020941
Julia,pivotSimple,1100,0.026421861
Julia,pivotHybrid,1100,0.050197357
Julia,pivotHybrid,1100,0.052269455
Julia,pivotHybrid,1100,0.05332295
Julia,pivotHybrid,1100,0.050657862
Julia,pivotHybrid,1100,0.05153029
Julia,pivotSimpleInbounds,1100,0.022148081
Julia,pivotSimpleInbounds,1100,0.013206112
Julia,pivotSimpleInbounds,1100,0.020501449
Julia,pivotSimpleInbounds,1100,0.037644691
Julia,pivotSimpleInbounds,1100,0.012910789
Julia,pivotSimpleParallel,1100,0.017151287
Julia,pivotSimpleParallel,1100,0.011074685
Julia,pivotSimpleParallel,1100,0.011005186
Julia,pivotSimpleParallel,1100,0.017607839
Julia,pivotSimpleParallel,1100,0.019431898
Julia,pivotSimpleView,1100,0.01671032
Julia,pivotSimpleView,1100,0.014740609
Julia,pivotSimpleView,1100,0.04672272
Julia,pivotSimpleView,1100,0.010072185
Julia,pivotSimpleView,1100,0.013404519
Julia,pivotSimpleView!,1100,0.007634655
Julia,pivotSimpleView!,1100,0.006007862
Julia,pivotSimpleView!,1100,0.006384373
Julia,pivotSimpleView!,1100,0.005276062
Julia,pivotSimpleView!,1100,0.005361055
Julia,pivotGaussNew,1100,0.101741332
Julia,pivotGaussNew,1100,0.098612176
Julia,pivotGaussNew,1100,0.099635992
Julia,pivotGaussNew,1100,0.106150781
Julia,pivotGaussNew,1100,0.096193628
Julia,pivotGaussplainfor,1100,0.003618745
Julia,pivotGaussplainfor,1100,0.003672302
Julia,pivotGaussplainfor,1100,0.004974518
Julia,pivotGaussplainfor,1100,0.004938311
Julia,pivotGaussplainfor,1100,0.019222336
Julia,pivotGauss,1200,0.128856955
Julia,pivotGauss,1200,0.13484539
Julia,pivotGauss,1200,0.114786389
Julia,pivotGauss,1200,0.129025476
Julia,pivotGauss,1200,0.115978299
Julia,pivotSimple,1200,0.028568012
Julia,pivotSimple,1200,0.020212759
Julia,pivotSimple,1200,0.044321207
Julia,pivotSimple,1200,0.017450022
Julia,pivotSimple,1200,0.055979746
Julia,pivotHybrid,1200,0.059191215
Julia,pivotHybrid,1200,0.062467737
Julia,pivotHybrid,1200,0.152151892
Julia,pivotHybrid,1200,0.059942484
Julia,pivotHybrid,1200,0.059998264
Julia,pivotSimpleInbounds,1200,0.025823756
Julia,pivotSimpleInbounds,1200,0.02397606
Julia,pivotSimpleInbounds,1200,0.025018836
Julia,pivotSimpleInbounds,1200,0.019468228
Julia,pivotSimpleInbounds,1200,0.025163471
Julia,pivotSimpleParallel,1200,0.017971645
Julia,pivotSimpleParallel,1200,0.015228738
Julia,pivotSimpleParallel,1200,0.021414122
Julia,pivotSimpleParallel,1200,0.022989985
Julia,pivotSimpleParallel,1200,0.023278151
Julia,pivotSimpleView,1200,0.012338586
Julia,pivotSimpleView,1200,0.012860485
Julia,pivotSimpleView,1200,0.015045944
Julia,pivotSimpleView,1200,0.025228847
Julia,pivotSimpleView,1200,0.013110589
Julia,pivotSimpleView!,1200,0.008750365
Julia,pivotSimpleView!,1200,0.008809156
Julia,pivotSimpleView!,1200,0.008970361
Julia,pivotSimpleView!,1200,0.009010076
Julia,pivotSimpleView!,1200,0.009057372
Julia,pivotGaussNew,1200,0.112686955
Julia,pivotGaussNew,1200,0.117797403
Julia,pivotGaussNew,1200,0.1214039
Julia,pivotGaussNew,1200,0.113718229
Julia,pivotGaussNew,1200,0.123569573
Julia,pivotGaussplainfor,1200,0.004450669
Julia,pivotGaussplainfor,1200,0.005169199
Julia,pivotGaussplainfor,1200,0.010699989
Julia,pivotGaussplainfor,1200,0.005293163
Julia,pivotGaussplainfor,1200,0.007482646
Julia,pivotGauss,1300,0.163061642
Julia,pivotGauss,1300,0.159129968
Julia,pivotGauss,1300,0.152970909
Julia,pivotGauss,1300,0.153904704
Julia,pivotGauss,1300,0.146090965
Julia,pivotSimple,1300,0.021927937
Julia,pivotSimple,1300,0.035406408
Julia,pivotSimple,1300,0.032927608
Julia,pivotSimple,1300,0.024750463
Julia,pivotSimple,1300,0.050458402
Julia,pivotHybrid,1300,0.159302257
Julia,pivotHybrid,1300,0.074255049
Julia,pivotHybrid,1300,0.080312453
Julia,pivotHybrid,1300,0.077814804
Julia,pivotHybrid,1300,0.078719319
Julia,pivotSimpleInbounds,1300,0.026294548
Julia,pivotSimpleInbounds,1300,0.032413097
Julia,pivotSimpleInbounds,1300,0.035502924
Julia,pivotSimpleInbounds,1300,0.029015362
Julia,pivotSimpleInbounds,1300,0.028577329
Julia,pivotSimpleParallel,1300,0.014126729
Julia,pivotSimpleParallel,1300,0.024601108
Julia,pivotSimpleParallel,1300,0.043739187
Julia,pivotSimpleParallel,1300,0.01592874
Julia,pivotSimpleParallel,1300,0.018271639
Julia,pivotSimpleView,1300,0.042228876
Julia,pivotSimpleView,1300,0.018904693
Julia,pivotSimpleView,1300,0.019305184
Julia,pivotSimpleView,1300,0.017885865
Julia,pivotSimpleView,1300,0.022831205
Julia,pivotSimpleView!,1300,0.00992373
Julia,pivotSimpleView!,1300,0.010424824
Julia,pivotSimpleView!,1300,0.010338539
Julia,pivotSimpleView!,1300,0.01121844
Julia,pivotSimpleView!,1300,0.010264238
Julia,pivotGaussNew,1300,0.14372377
Julia,pivotGaussNew,1300,0.147273877
Julia,pivotGaussNew,1300,0.153367632
Julia,pivotGaussNew,1300,0.156351382
Julia,pivotGaussNew,1300,0.150445109
Julia,pivotGaussplainfor,1300,0.005880809
Julia,pivotGaussplainfor,1300,0.006674491
Julia,pivotGaussplainfor,1300,0.005505874
Julia,pivotGaussplainfor,1300,0.020298855
Julia,pivotGaussplainfor,1300,0.007933372
Julia,pivotGauss,1400,0.188480821
Julia,pivotGauss,1400,0.207671835
Julia,pivotGauss,1400,0.184494206
Julia,pivotGauss,1400,0.208285407
Julia,pivotGauss,1400,0.278848721
Julia,pivotSimple,1400,0.116976327
Julia,pivotSimple,1400,0.036600502
Julia,pivotSimple,1400,0.035255081
Julia,pivotSimple,1400,0.032390124
Julia,pivotSimple,1400,0.033547005
Julia,pivotHybrid,1400,0.08970425
Julia,pivotHybrid,1400,0.0947074
Julia,pivotHybrid,1400,0.092907092
Julia,pivotHybrid,1400,0.107181529
Julia,pivotHybrid,1400,0.093454973
Julia,pivotSimpleInbounds,1400,0.034044461
Julia,pivotSimpleInbounds,1400,0.037548666
Julia,pivotSimpleInbounds,1400,0.039223239
Julia,pivotSimpleInbounds,1400,0.032353594
Julia,pivotSimpleInbounds,1400,0.034319874
Julia,pivotSimpleParallel,1400,0.024527989
Julia,pivotSimpleParallel,1400,0.023168805
Julia,pivotSimpleParallel,1400,0.03211192
Julia,pivotSimpleParallel,1400,0.026738507
Julia,pivotSimpleParallel,1400,0.057693749
Julia,pivotSimpleView,1400,0.020793272
Julia,pivotSimpleView,1400,0.048680442
Julia,pivotSimpleView,1400,0.01952932
Julia,pivotSimpleView,1400,0.023581685
Julia,pivotSimpleView,1400,0.023520727
Julia,pivotSimpleView!,1400,0.012384321
Julia,pivotSimpleView!,1400,0.012303059
Julia,pivotSimpleView!,1400,0.015157439
Julia,pivotSimpleView!,1400,0.014883286
Julia,pivotSimpleView!,1400,0.014525492
Julia,pivotGaussNew,1400,0.17422317
Julia,pivotGaussNew,1400,0.183605661
Julia,pivotGaussNew,1400,0.179508236
Julia,pivotGaussNew,1400,0.180189463
Julia,pivotGaussNew,1400,0.182449122
Julia,pivotGaussplainfor,1400,0.00785548
Julia,pivotGaussplainfor,1400,0.005711723
Julia,pivotGaussplainfor,1400,0.009549962
Julia,pivotGaussplainfor,1400,0.00752856
Julia,pivotGaussplainfor,1400,0.008547493
Julia,pivotGauss,1500,0.227634369
Julia,pivotGauss,1500,0.231210471
Julia,pivotGauss,1500,0.22515107
Julia,pivotGauss,1500,0.22312205
Julia,pivotGauss,1500,0.232187113
Julia,pivotSimple,1500,0.037250454
Julia,pivotSimple,1500,0.042738097
Julia,pivotSimple,1500,0.057680695
Julia,pivotSimple,1500,0.121926707
Julia,pivotSimple,1500,0.046667911
Julia,pivotHybrid,1500,0.108414768
Julia,pivotHybrid,1500,0.111661067
Julia,pivotHybrid,1500,0.118016275
Julia,pivotHybrid,1500,0.11124871
Julia,pivotHybrid,1500,0.115834353
Julia,pivotSimpleInbounds,1500,0.036025206
Julia,pivotSimpleInbounds,1500,0.042032254
Julia,pivotSimpleInbounds,1500,0.045639845
Julia,pivotSimpleInbounds,1500,0.040718089
Julia,pivotSimpleInbounds,1500,0.044676782
Julia,pivotSimpleParallel,1500,0.023457229
Julia,pivotSimpleParallel,1500,0.029555888
Julia,pivotSimpleParallel,1500,0.034265989
Julia,pivotSimpleParallel,1500,0.069007046
Julia,pivotSimpleParallel,1500,0.022870893
Julia,pivotSimpleView,1500,0.025275936
Julia,pivotSimpleView,1500,0.040790207
Julia,pivotSimpleView,1500,0.028093927
Julia,pivotSimpleView,1500,0.025359772
Julia,pivotSimpleView,1500,0.03397211
Julia,pivotSimpleView!,1500,0.01524844
Julia,pivotSimpleView!,1500,0.015157815
Julia,pivotSimpleView!,1500,0.016820959
Julia,pivotSimpleView!,1500,0.016749109
Julia,pivotSimpleView!,1500,0.016636667
Julia,pivotGaussNew,1500,0.230463751
Julia,pivotGaussNew,1500,0.250347417
Julia,pivotGaussNew,1500,0.217580001
Julia,pivotGaussNew,1500,0.326046461
Julia,pivotGaussNew,1500,0.29486961
Julia,pivotGaussplainfor,1500,0.011687765
Julia,pivotGaussplainfor,1500,0.008124204
Julia,pivotGaussplainfor,1500,0.006948269
Julia,pivotGaussplainfor,1500,0.01396878
Julia,pivotGaussplainfor,1500,0.006709359
